model,accuracy,precision,recall,f1,roc_auc
best_model,0.7696002744896209,0.6987515486514819,0.8941463414634147,0.7844647729096453,0.7906429653830296
