model,accuracy,precision,recall,f1,roc_auc
logistic_balanced,0.7696002744896209,0.6987515486514819,0.8941463414634147,0.7844647729096453,0.7906429653830296
gradient_boosting,0.7695430891519415,0.6987986270022883,0.8937804878048781,0.784353595890411,0.7891172291716456
xgboost,0.7695430891519415,0.6987607244995233,0.8939024390243903,0.7843766720171215,0.7890141017997884
random_forest_300,0.760622176473952,0.6981243830207305,0.8624390243902439,0.7716312056737589,0.7887405355506123
knn,0.6978326757019501,0.6609271523178808,0.7302439024390244,0.6938586326767091,0.7433128855704406
