threshold,precision,recall,f1
0.3,0.6987515486514819,0.8941463414634147,0.7844647729096453
0.4,0.6987515486514819,0.8941463414634147,0.7844647729096453
0.5,0.6987515486514819,0.8941463414634147,0.7844647729096453
0.6,0.6987515486514819,0.8941463414634147,0.7844647729096453
0.7,0.697901956828727,0.843780487804878,0.7639394943137905
