model,accuracy,precision,recall,f1,roc_auc
tuned_xgboost,0.7694287184765826,0.6990448901623687,0.8925609756097561,0.784038564542046,0.7898833407306831
